player,matches_batted,total_runs,balls_faced,fours,sixes,batting_sr,avg_runs,boundary_pct,matches_bowled,balls_bowled,runs_conceded,wickets,overs,bowling_econ,bowling_sr,ipl_experience
RG Sharma,266,7048,5475,640,303,128.7305936,26.4962406,0.621169126,32,349,462,16,58.16666667,7.94269341,21.8125,266
V Kohli,259,8671,6702,774,292,129.3792898,33.47876448,0.559105063,26,264,371,5,44,8.431818182,52.8,259
MS Dhoni,241,5439,4101,375,264,132.6261887,22.56846473,0.567015996,0,0,0,0,0,0,0,241
KD Karthik,233,4843,3687,466,161,131.3534039,20.78540773,0.584348544,0,0,0,0,0,0,0,233
S Dhawan,221,6769,5483,768,153,123.4543133,30.62895928,0.589451913,6,49,72,4,8.166666667,8.816326531,12.25,221
SK Raina,200,5536,4177,506,204,132.5353124,27.68,0.586705202,69,930,1139,30,155,7.348387097,31,200
RV Uthappa,197,4954,3927,481,182,126.1522791,25.14720812,0.608800969,0,0,0,0,0,0,0,197
RA Jadeja,194,3260,2607,240,117,125.0479478,16.80412371,0.509815951,225,4127,5242,179,687.8333333,7.621032227,23.05586592,225
AT Rayudu,185,4348,3490,359,173,124.5845272,23.5027027,0.56899724,0,0,0,0,0,0,0,185
DA Warner,184,6567,4849,663,236,135.4299856,35.69021739,0.619460941,1,2,2,0,0.333333333,6,0,184
AM Rahane,183,5032,4133,515,123,121.7517542,27.49726776,0.556041335,1,6,5,1,1,5,6,183
SV Samson,171,4704,3475,379,219,135.3669065,27.50877193,0.601615646,0,0,0,0,0,0,0,171
AB de Villiers,170,5181,3487,414,253,148.5804416,30.47647059,0.612623046,0,0,0,0,0,0,0,170
KA Pollard,168,3437,2447,221,224,140.4577033,20.45833333,0.648239744,107,1586,2200,81,264.3333333,8.322824716,19.58024691,168
MK Pandey,161,3951,3355,340,116,117.7645306,24.54037267,0.520374589,0,0,0,0,0,0,0,161
YK Pathan,153,3222,2334,263,161,138.0462725,21.05882353,0.626319056,82,1184,1443,46,197.3333333,7.3125,25.73913043,153
G Gambhir,151,4217,3524,492,59,119.6651532,27.92715232,0.550628409,0,0,0,0,0,0,0,151
SA Yadav,151,4311,2961,454,168,145.5927052,28.54966887,0.65506843,1,6,8,0,1,8,0,151
F du Plessis,147,4773,3605,440,174,132.3994452,32.46938776,0.587471192,1,6,16,0,1,16,0,147
WP Saha,143,2934,2368,296,87,123.902027,20.51748252,0.581458759,0,0,0,0,0,0,0,143
CH Gayle,141,4997,3516,408,359,142.1217292,35.43971631,0.757654593,38,584,755,19,97.33333333,7.756849315,30.73684211,141
SR Watson,141,3880,2892,377,190,134.1632089,27.5177305,0.682474227,105,2137,2742,107,356.1666667,7.698642957,19.97196262,141
HH Pandya,140,2758,1962,207,150,140.5708461,19.7,0.626540972,107,1714,2541,84,285.6666667,8.894982497,20.4047619,140
PA Patel,136,2848,2442,365,49,116.6257166,20.94117647,0.615870787,0,0,0,0,0,0,0,136
KL Rahul,135,5235,3947,453,208,132.632379,38.77777778,0.584527221,0,0,0,0,0,0,0,135
GJ Maxwell,134,2820,1896,238,161,148.7341772,21.04477612,0.680141844,85,1047,1422,45,174.5,8.148997135,23.26666667,134
DA Miller,133,3077,2295,220,138,134.0740741,23.13533835,0.555086123,0,0,0,0,0,0,0,133
SS Iyer,131,3735,2905,315,152,128.5714286,28.51145038,0.581526104,1,6,7,0,1,7,0,131
Yuvraj Singh,126,2754,2207,218,149,124.7847757,21.85714286,0.641249092,73,882,1091,39,147,7.421768707,22.61538462,126
MA Agarwal,125,2764,2146,275,100,128.7977633,22.112,0.615050651,0,0,0,0,0,0,0,125
AR Patel,123,1916,1489,130,94,128.6769644,15.57723577,0.565762004,160,3371,4138,137,561.8333333,7.365173539,24.60583942,160
RR Pant,123,3566,2504,321,170,142.4121406,28.99186992,0.646102075,0,0,0,0,0,0,0,123
JC Buttler,119,4121,2856,408,185,144.2927171,34.6302521,0.665372482,0,0,0,0,0,0,0,119
SP Narine,118,1780,1144,189,116,155.5944056,15.08474576,0.815730337,187,4421,5029,212,736.8333333,6.82515268,20.85377358,187
Q de Kock,115,3312,2533,325,134,130.7540466,28.8,0.6352657,0,0,0,0,0,0,0,115
AD Russell,114,2655,1626,187,223,163.2841328,23.28947368,0.785687382,121,1885,2909,133,314.1666667,9.259416446,14.17293233,121
KH Pandya,114,1756,1376,153,65,127.6162791,15.40350877,0.570615034,132,2466,3024,97,411,7.357664234,25.42268041,132
Shubman Gill,114,3866,2867,372,119,134.8447855,33.9122807,0.569580962,0,0,0,0,0,0,0,114
Ishan Kishan,112,2998,2237,288,134,134.0187751,26.76785714,0.652434957,1,1,4,0,0.166666667,24,0,112
N Rana,112,2853,2156,261,141,132.3283859,25.47321429,0.662460568,26,197,271,10,32.83333333,8.253807107,19.7,112
DJ Bravo,110,1560,1247,120,66,125.1002406,14.18181818,0.561538462,158,3296,4436,207,549.3333333,8.075242718,15.92270531,158
BB McCullum,109,2882,2272,293,130,126.8485915,26.44036697,0.677307425,0,0,0,0,0,0,0,109
M Vijay,105,2619,2208,247,91,118.6141304,24.94285714,0.58571974,4,37,49,0,6.166666667,7.945945946,0,105
V Sehwag,104,2728,1833,334,106,148.8270595,26.23076923,0.7228739,15,138,236,6,23,10.26086957,23,104
DJ Hooda,101,1497,1213,98,62,123.4130256,14.82178218,0.510354041,34,391,550,10,65.16666667,8.439897698,39.1,101
MP Stoinis,99,2026,1457,158,106,139.0528483,20.46464646,0.625863771,71,922,1477,46,153.6666667,9.611713666,20.04347826,99
RA Tripathi,98,2291,1707,229,85,134.212068,23.37755102,0.622435618,1,6,12,0,1,12,0,98
Mandeep Singh,97,1706,1418,176,38,120.3102962,17.58762887,0.546307151,2,12,26,0,2,13,0,97
JH Kallis,95,2427,2291,255,44,105.9362724,25.54736842,0.529048208,89,1799,2348,74,299.8333333,7.831017232,24.31081081,95
NV Ojha,94,1554,1360,121,79,114.2647059,16.53191489,0.616473616,0,0,0,0,0,0,0,94
R Ashwin,93,833,728,64,29,114.4230769,8.956989247,0.516206483,217,4868,5721,205,811.3333333,7.051355793,23.74634146,217
SPD Smith,93,2495,1999,226,60,124.8124062,26.82795699,0.506613226,1,2,5,0,0.333333333,15,0,93
AJ Finch,90,2092,1696,214,78,123.3490566,23.24444444,0.632887189,5,44,67,1,7.333333333,9.136363636,44,90
DR Smith,88,2385,1803,245,117,132.2795341,27.10227273,0.70524109,46,557,825,27,92.83333333,8.886894075,20.62962963,88
Harbhajan Singh,88,833,636,79,42,130.9748428,9.465909091,0.681872749,160,3496,4101,161,582.6666667,7.038329519,21.71428571,160
N Pooran,86,2293,1433,158,167,160.0139567,26.6627907,0.712603576,0,0,0,0,0,0,0,86
PP Chawla,86,624,580,56,20,107.5862069,7.255813953,0.551282051,191,3895,5179,201,649.1666667,7.977920411,19.37810945,191
MK Tiwary,83,1695,1489,156,40,113.8347884,20.42168675,0.509734513,6,45,83,1,7.5,11.06666667,45,83
IK Pathan,82,1150,985,88,38,116.751269,14.02439024,0.504347826,101,2113,2711,99,352.1666667,7.698059631,21.34343434,101
R Dravid,82,2174,1918,269,28,113.3472367,26.51219512,0.572217111,0,0,0,0,0,0,0,82
KM Jadhav,81,1208,1012,102,40,119.3675889,14.91358025,0.536423841,0,0,0,0,0,0,0,81
AC Gilchrist,80,2069,1555,239,92,133.0546624,25.8625,0.728854519,1,1,0,1,0.166666667,0,1,80
PP Shaw,79,1892,1321,238,61,143.2248297,23.94936709,0.696617336,0,0,0,0,0,0,0,79
DPMD Jayawardene,78,1808,1522,200,40,118.7910644,23.17948718,0.575221239,0,0,0,0,0,0,0,78
SO Hetmyer,78,1488,1036,94,93,143.6293436,19.07692308,0.627688172,0,0,0,0,0,0,0,78
SR Tendulkar,78,2334,2044,296,29,114.1878669,29.92307692,0.581833762,4,37,59,0,6.166666667,9.567567568,0,78
KK Nair,76,1694,1314,185,49,128.9193303,22.28947368,0.61038961,0,0,0,0,0,0,0,76
KS Williamson,76,2132,1734,187,64,122.9527105,28.05263158,0.530956848,2,18,31,0,3,10.33333333,0,76
R Tewatia,76,1112,851,90,54,130.6698002,14.63157895,0.615107914,52,866,1117,36,144.3333333,7.739030023,24.05555556,76
JP Duminy,75,2029,1680,126,79,120.7738095,27.05333333,0.482010843,49,701,847,23,116.8333333,7.249643367,30.47826087,75
S Dube,75,1859,1366,108,122,136.090776,24.78666667,0.626143088,15,130,223,6,21.66666667,10.29230769,21.66666667,75
Abhishek Sharma,74,1816,1167,174,101,155.6126821,24.54054054,0.716960352,32,345,509,11,57.5,8.852173913,31.36363636,74
D Padikkal,74,1806,1496,192,56,120.7219251,24.40540541,0.611295681,0,0,0,0,0,0,0,74
EJG Morgan,74,1406,1181,112,64,119.0516511,19,0.591749644,0,0,0,0,0,0,0,74
SS Tiwary,73,1494,1291,111,50,115.7242448,20.46575342,0.497991968,0,0,0,0,0,0,0,73
R Parag,72,1570,1156,112,87,135.8131488,21.80555556,0.617834395,30,309,478,9,51.5,9.281553398,34.33333333,72
B Kumar,71,320,364,31,3,87.91208791,4.507042254,0.44375,190,4378,5541,213,729.6666667,7.593878483,20.55399061,190
RD Gaikwad,70,2502,1863,231,95,134.2995169,35.74285714,0.597122302,0,0,0,0,0,0,0,70
SE Marsh,69,2489,1913,269,78,130.1097752,36.07246377,0.62032945,0,0,0,0,0,0,0,69
KC Sangakkara,68,1687,1424,195,27,118.4691011,24.80882353,0.55838767,0,0,0,0,0,0,0,68
JA Morkel,67,975,712,61,55,136.9382022,14.55223881,0.588717949,87,1807,2409,96,301.1666667,7.998893193,18.82291667,87
Rashid Khan,66,585,387,41,41,151.1627907,8.863636364,0.700854701,136,3237,3863,166,539.5,7.160333642,19.5,136
STR Binny,66,880,700,66,35,125.7142857,13.33333333,0.538636364,63,611,763,28,101.8333333,7.492635025,21.82142857,66
YBK Jaiswal,66,2166,1454,259,92,148.9683631,32.81818182,0.733148661,1,1,6,0,0.166666667,36,0,66
S Badrinath,65,1441,1245,154,28,115.7429719,22.16923077,0.54406662,0,0,0,0,0,0,0,65
BJ Hodge,63,1400,1153,122,43,121.4223764,22.22222222,0.532857143,20,238,310,18,39.66666667,7.81512605,13.22222222,63
V Shankar,63,1233,985,88,48,125.177665,19.57142857,0.519059205,22,258,344,12,43,8,21.5,63
DJ Hussey,61,1322,1101,90,60,120.0726612,21.67213115,0.544629349,26,323,485,10,53.83333333,9.009287926,32.3,61
MM Ali,59,1167,865,95,67,134.9132948,19.77966102,0.670094259,57,869,1036,46,144.8333333,7.153049482,18.89130435,59
MEK Hussey,58,1977,1648,198,52,119.9635922,34.0862069,0.558421851,0,0,0,0,0,0,0,58
P Kumar,57,340,323,22,17,105.2631579,5.964912281,0.558823529,119,2637,3342,102,439.5,7.604095563,25.85294118,119
SC Ganguly,56,1349,1326,137,42,101.73454,24.08928571,0.593031875,20,280,370,12,46.66666667,7.928571429,23.33333333,56
VR Iyer,56,1468,1107,136,65,132.6106594,26.21428571,0.636239782,9,84,145,3,14,10.35714286,28,56
A Mishra,55,381,440,31,5,86.59090909,6.927272727,0.404199475,162,3444,4193,183,574,7.304878049,18.81967213,162
AK Markram,55,1440,1093,111,57,131.747484,26.18181818,0.545833333,19,191,275,6,31.83333333,8.638743455,31.83333333,55
LRPL Taylor,54,1017,847,66,46,120.0708383,18.83333333,0.530973451,2,13,24,0,2.166666667,11.07692308,0,54
MC Henriques,54,1000,801,87,28,124.8439451,18.51851852,0.516,60,979,1302,46,163.1666667,7.979570991,21.2826087,60
SM Curran,53,997,761,85,41,131.0118265,18.81132075,0.58776329,63,1308,2059,63,218,9.444954128,20.76190476,63
JM Bairstow,52,1674,1181,173,74,141.7442845,32.19230769,0.678614098,0,0,0,0,0,0,0,52
P Simran Singh,52,1355,904,141,71,149.8893805,26.05769231,0.730627306,0,0,0,0,0,0,0,52
Shakib Al Hasan,52,795,665,73,21,119.5488722,15.28846154,0.525786164,70,1515,1864,71,252.5,7.382178218,21.33802817,70
Y Venugopal Rao,52,985,865,77,37,113.8728324,18.94230769,0.538071066,20,222,338,7,37,9.135135135,31.71428571,52
Abdul Samad,51,743,506,45,50,146.8379447,14.56862745,0.64602961,6,57,119,2,9.5,12.52631579,28.5,51
M Vohra,51,1083,863,104,43,125.4924681,21.23529412,0.622345337,0,0,0,0,0,0,0,51
RK Singh,51,1099,793,87,56,138.5876419,21.54901961,0.622383985,0,0,0,0,0,0,0,51
Tilak Varma,51,1499,1089,113,74,137.6492195,29.39215686,0.597731821,4,23,28,0,3.833333333,7.304347826,0,51
AM Nayar,50,672,588,55,20,114.2857143,13.44,0.505952381,19,239,323,9,39.83333333,8.108786611,26.55555556,50
TM Dilshan,50,1153,1047,140,24,110.1241643,23.06,0.610581093,25,275,368,5,45.83333333,8.029090909,55,50
CH Morris,49,618,413,41,35,149.6368039,12.6122449,0.605177994,81,1801,2377,107,300.1666667,7.918933926,16.8317757,81
MR Marsh,49,1292,933,104,75,138.4780279,26.36734694,0.670278638,34,593,803,37,98.83333333,8.124789207,16.02702703,49
M Shahrukh Khan,48,732,517,46,50,141.5860735,15.25,0.661202186,3,18,29,1,3,9.666666667,18,48
PJ Cummins,48,612,417,39,41,146.7625899,12.75,0.656862745,72,1682,2436,82,280.3333333,8.689655172,20.51219512,72
UT Yadav,48,208,211,16,9,98.57819905,4.333333333,0.567307692,147,3190,4442,163,531.6666667,8.354858934,19.57055215,147
JM Sharma,47,991,656,77,62,151.0670732,21.08510638,0.68617558,0,0,0,0,0,0,0,47
LS Livingstone,47,1051,699,70,75,150.3576538,22.36170213,0.694576594,27,321,471,13,53.5,8.803738318,24.69230769,47
R Bhatia,47,342,290,24,13,117.9310345,7.276595745,0.50877193,91,1661,2059,82,276.8333333,7.43768814,20.25609756,91
A Badoni,46,963,740,73,38,130.1351351,20.93478261,0.539979232,7,35,50,4,5.833333333,8.571428571,8.75,46
CL White,45,971,774,76,38,125.4521964,21.57777778,0.547888774,6,46,86,1,7.666666667,11.2173913,46,45
H Klaasen,45,1480,907,98,89,163.1753032,32.88888889,0.625675676,0,0,0,0,0,0,0,45
JP Faulkner,45,527,406,36,23,129.8029557,11.71111111,0.535104364,60,1287,1849,76,214.5,8.62004662,16.93421053,60
TH David,44,846,524,54,60,161.4503817,19.22727273,0.680851064,0,0,0,0,0,0,0,44
BA Stokes,43,935,718,81,32,130.2228412,21.74418605,0.551871658,38,723,1023,31,120.5,8.489626556,23.32258065,43
Washington Sundar,43,511,426,42,16,119.9530516,11.88372093,0.516634051,63,1131,1447,41,188.5,7.676392573,27.58536585,63
CA Lynn,42,1329,974,132,66,136.4476386,31.64285714,0.695259594,0,0,0,0,0,0,0,42
R Vinay Kumar,42,310,289,21,9,107.266436,7.380952381,0.44516129,104,2186,3041,127,364.3333333,8.346752059,17.21259843,104
AD Mathews,41,724,599,44,29,120.8681135,17.65853659,0.483425414,44,807,1095,28,134.5,8.141263941,28.82142857,44
DT Christian,41,460,408,23,19,112.745098,11.2195122,0.447826087,49,922,1218,40,153.6666667,7.926247289,23.05,49
HV Patel,41,270,241,16,15,112.033195,6.585365854,0.57037037,116,2570,3649,168,428.3333333,8.519066148,15.29761905,116
B Sai Sudharsan,40,1793,1279,183,53,140.1876466,44.825,0.585610708,0,0,0,0,0,0,0,40
KV Sharma,40,352,307,20,17,114.6579805,8.8,0.517045455,87,1611,2263,89,268.5,8.4283054,18.1011236,87
SN Thakur,40,325,243,30,13,133.744856,8.125,0.609230769,102,2205,3284,115,367.5,8.936054422,19.17391304,102
MS Bisla,39,798,737,93,23,108.2767978,20.46153846,0.639097744,0,0,0,0,0,0,0,39
TL Suman,39,676,587,55,26,115.1618399,17.33333333,0.556213018,11,152,198,7,25.33333333,7.815789474,21.71428571,39
M Manhas,38,514,486,43,10,105.7613169,13.52631579,0.451361868,3,42,42,0,7,6,0,38
RM Patidar,38,1111,759,76,68,146.3768116,29.23684211,0.640864086,0,0,0,0,0,0,0,38
Shahbaz Ahmed,38,545,475,29,25,114.7368421,14.34210526,0.488073394,45,605,953,22,100.8333333,9.451239669,27.5,45
Kuldeep Yadav,37,201,240,18,3,83.75,5.432432432,0.447761194,96,2110,2805,106,351.6666667,7.976303318,19.90566038,96
TM Head,37,1146,706,126,55,162.3229462,30.97297297,0.727748691,6,58,113,3,9.666666667,11.68965517,19.33333333,37
A Symonds,36,974,781,74,41,124.7119078,27.05555556,0.556468172,30,540,694,23,90,7.711111111,23.47826087,36
GJ Bailey,36,663,552,59,19,120.1086957,18.41666667,0.527903469,0,0,0,0,0,0,0,36
HH Gibbs,36,886,837,83,31,105.8542413,24.61111111,0.584650113,0,0,0,0,0,0,0,36
KP Pietersen,36,1001,758,91,40,132.0580475,27.80555556,0.603396603,13,180,218,9,30,7.266666667,20,36
SN Khan,36,585,456,63,14,128.2894737,16.25,0.574358974,1,2,6,0,0.333333333,18,0,36
Dhruv Jurel,35,680,456,51,38,149.122807,19.42857143,0.635294118,0,0,0,0,0,0,0,35
MK Lomror,35,527,389,33,30,135.4755784,15.05714286,0.592030361,11,94,127,2,15.66666667,8.106382979,47,35
P Negi,35,365,301,27,16,121.2624585,10.42857143,0.55890411,42,733,954,38,122.1666667,7.809004093,19.28947368,42
PD Salt,34,1056,623,122,56,169.5024077,31.05882353,0.78030303,0,0,0,0,0,0,0,34
DW Steyn,33,167,163,14,3,102.4539877,5.060606061,0.443113772,95,2282,2583,105,380.3333333,6.791411043,21.73333333,95
LR Shukla,33,405,358,33,16,113.1284916,12.27272727,0.562962963,27,326,458,17,54.33333333,8.429447853,19.17647059,33
Shashank Singh,33,773,510,56,43,151.5686275,23.42424242,0.623544631,4,31,52,1,5.166666667,10.06451613,31,33
Gurkeerat Singh,32,511,436,55,11,117.2018349,15.96875,0.559686888,6,82,97,5,13.66666667,7.097560976,16.4,32
ML Hayden,32,1107,839,121,44,131.942789,34.59375,0.67570009,0,0,0,0,0,0,0,32
N Wadhera,31,719,522,60,39,137.7394636,23.19354839,0.659248957,2,17,22,0,2.833333333,7.764705882,0,31
JC Archer,30,262,183,14,18,143.1693989,8.733333333,0.625954198,52,1279,1655,61,213.1666667,7.76387803,20.96721311,52
K Rabada,30,215,216,16,9,99.53703704,7.166666667,0.548837209,84,1995,2816,128,332.5,8.469172932,15.5859375,84
MM Sharma,30,125,140,9,4,89.28571429,4.166666667,0.48,119,2471,3537,149,411.8333333,8.588425739,16.58389262,119
NLTC Perera,30,424,326,23,26,130.0613497,14.13333333,0.58490566,36,715,1031,37,119.1666667,8.651748252,19.32432432,36
ST Jayasuriya,30,768,573,84,39,134.0314136,25.6,0.7421875,21,301,396,16,50.16666667,7.893687708,18.8125,30
T Stubbs,30,711,442,51,38,160.8597285,23.7,0.607594937,5,37,69,4,6.166666667,11.18918919,9.25,30
Abishek Porel,29,661,454,65,27,145.5947137,22.79310345,0.638426626,0,0,0,0,0,0,0,29
CJ Anderson,29,538,436,40,31,123.3944954,18.55172414,0.643122677,22,315,525,14,52.5,10,22.5,29
GC Smith,29,739,691,94,9,106.9464544,25.48275862,0.581867388,0,0,0,0,0,0,0,29
JD Ryder,29,604,466,69,19,129.6137339,20.82758621,0.645695364,16,241,314,11,40.16666667,7.817427386,21.90909091,29
LMP Simmons,29,1079,878,109,44,122.8929385,37.20689655,0.648748842,1,18,34,1,3,11.33333333,18,29
C Green,28,707,472,62,32,149.7881356,25.25,0.622347949,29,462,675,20,77,8.766233766,23.1,29
DP Conway,28,1080,794,117,34,136.0201511,38.57142857,0.622222222,0,0,0,0,0,0,0,28
J Botha,28,409,364,39,5,112.3626374,14.60714286,0.454767726,34,709,818,27,118.1666667,6.922425952,26.25925926,34
MG Johnson,28,167,168,10,7,99.4047619,5.964285714,0.491017964,54,1301,1740,66,216.8333333,8.024596464,19.71212121,54
RP Singh,28,52,78,2,1,66.66666667,1.857142857,0.269230769,82,1874,2417,100,312.3333333,7.738527215,18.74,82
AP Tare,27,339,285,40,11,118.9473684,12.55555556,0.666666667,0,0,0,0,0,0,0,27
JD Unadkat,27,197,170,16,7,115.8823529,7.296296296,0.538071066,111,2340,3396,121,390,8.707692308,19.33884298,111
JJ Bumrah,27,68,81,5,1,83.95061728,2.518518519,0.382352941,145,3474,4162,203,579,7.188255613,17.11330049,145
JO Holder,27,259,217,13,18,119.3548387,9.592592593,0.617760618,46,1049,1489,59,174.8333333,8.516682555,17.77966102,46
K Gowtham,27,247,159,15,17,155.3459119,9.148148148,0.655870445,35,599,825,22,99.83333333,8.263772955,27.22727273,35
Mohammed Shami,27,84,93,7,2,90.32258065,3.111111111,0.476190476,119,2708,3834,150,451.3333333,8.494830133,18.05333333,119
SK Warne,27,198,219,14,6,90.4109589,7.333333333,0.464646465,54,1223,1465,60,203.8333333,7.187244481,20.38333333,54
SW Billings,27,503,399,40,20,126.0651629,18.62962963,0.55666004,0,0,0,0,0,0,0,27
Z Khan,27,117,141,11,2,82.9787234,4.333333333,0.478632479,99,2276,2860,119,379.3333333,7.539543058,19.12605042,99
E Lewis,26,654,499,62,36,131.0621242,25.15384615,0.709480122,0,0,0,0,0,0,0,26
Harpreet Brar,26,244,214,19,10,114.0186916,9.384615385,0.557377049,46,826,1097,35,137.6666667,7.968523002,23.6,46
Sandeep Sharma,26,60,79,4,0,75.94936709,2.307692308,0.266666667,136,3168,4134,163,528,7.829545455,19.43558282,136
DB Ravi Teja,25,375,325,35,9,115.3846154,15,0.517333333,2,18,28,1,3,9.333333333,18,25
R Sathish,24,270,236,22,6,114.4067797,11.25,0.459259259,14,144,233,6,24,9.708333333,24,24
TA Boult,24,85,86,5,3,98.8372093,3.541666667,0.447058824,119,2785,3806,151,464.1666667,8.199640934,18.44370861,119
A Ashish Reddy,23,280,196,16,15,142.8571429,12.17391304,0.55,20,270,400,19,45,8.888888889,14.21052632,23
AL Menaria,23,401,367,24,18,109.2643052,17.43478261,0.50872818,12,113,144,3,18.83333333,7.646017699,37.66666667,23
GH Vihari,23,284,331,23,1,85.80060423,12.34782609,0.345070423,6,43,48,1,7.166666667,6.697674419,43,23
MV Boucher,23,394,318,32,13,123.8993711,17.13043478,0.52284264,0,0,0,0,0,0,0,23
PC Valthaty,23,505,432,61,20,116.8981481,21.95652174,0.720792079,10,153,207,7,25.5,8.117647059,21.85714286,23
R Powell,23,365,261,22,28,139.8467433,15.86956522,0.701369863,2,21,35,1,3.5,10,21,23
CA Pujara,22,390,403,50,4,96.77419355,17.72727273,0.574358974,0,0,0,0,0,0,0,22
DB Das,22,304,267,23,16,113.8576779,13.81818182,0.618421053,0,0,0,0,0,0,0,22
M Kaif,22,259,258,22,6,100.3875969,11.77272727,0.478764479,0,0,0,0,0,0,0,22
Nithish Kumar Reddy,22,485,382,31,25,126.9633508,22.04545455,0.564948454,12,152,255,8,25.33333333,10.06578947,19,22
OA Shah,22,506,405,34,23,124.9382716,23,0.541501976,0,0,0,0,0,0,0,22
R Dhawan,22,210,188,18,7,111.7021277,9.545454545,0.542857143,36,693,922,27,115.5,7.982683983,25.66666667,36
RD Chahar,22,129,127,13,5,101.5748031,5.863636364,0.635658915,78,1703,2174,76,283.8333333,7.659424545,22.40789474,78
RR Rossouw,22,473,321,45,25,147.3520249,21.5,0.697674419,0,0,0,0,0,0,0,22
RS Bopara,22,531,468,39,16,113.4615385,24.13636364,0.474576271,14,213,301,13,35.5,8.478873239,16.38461538,22
S Gopal,22,180,173,19,2,104.0462428,8.181818182,0.488888889,51,1000,1358,53,166.6666667,8.148,18.86792453,51
Anuj Rawat,21,318,276,26,14,115.2173913,15.14285714,0.591194969,0,0,0,0,0,0,0,21
Azhar Mahmood,21,388,311,39,13,124.7588424,18.47619048,0.603092784,23,552,707,31,92,7.684782609,17.80645161,23
B Chipli,21,280,256,28,7,109.375,13.33333333,0.55,1,6,20,0,1,20,0,21
C de Grandhomme,21,303,229,18,18,132.3144105,14.42857143,0.594059406,19,230,323,7,38.33333333,8.426086957,32.85714286,21
I Sharma,21,57,71,4,2,80.28169014,2.714285714,0.49122807,117,2546,3465,100,424.3333333,8.165750196,25.46,117
JJ Roy,21,614,460,75,21,133.4782609,29.23809524,0.693811075,0,0,0,0,0,0,0,21
Lalit Yadav,21,305,301,27,7,101.3289037,14.52380952,0.491803279,19,294,430,11,49,8.775510204,26.72727273,21
MA Starc,21,111,120,11,0,92.5,5.285714286,0.396396396,50,1124,1588,78,187.3333333,8.476868327,14.41025641,50
Mohammed Siraj,21,112,127,10,4,88.18897638,5.333333333,0.571428571,108,2448,3434,112,408,8.416666667,21.85714286,108
RJ Harris,21,117,112,6,3,104.4642857,5.571428571,0.358974359,37,865,1085,47,144.1666667,7.526011561,18.40425532,37
RN ten Doeschate,21,326,238,26,15,136.9747899,15.52380952,0.595092025,10,83,94,3,13.83333333,6.795180723,27.66666667,21
SP Goswami,21,293,307,32,3,95.43973941,13.95238095,0.498293515,0,0,0,0,0,0,0,21
A Manohar,20,292,243,23,14,120.1646091,14.6,0.602739726,0,0,0,0,0,0,0,20
DJG Sammy,20,295,251,15,18,117.5298805,14.75,0.569491525,19,244,354,14,40.66666667,8.704918033,17.42857143,20
DS Kulkarni,20,104,113,7,2,92.03539823,5.2,0.384615385,92,1876,2513,91,312.6666667,8.037313433,20.61538462,92
M Jansen,20,141,136,8,6,103.6764706,7.05,0.482269504,35,787,1180,38,131.1666667,8.996188056,20.71052632,35
M Morkel,20,126,93,11,5,135.483871,6.3,0.587301587,70,1699,2136,88,283.1666667,7.543260742,19.30681818,70
MJ McClenaghan,20,85,73,5,7,116.4383562,4.25,0.729411765,56,1346,1839,75,224.3333333,8.197622585,17.94666667,56
Ramandeep Singh,20,217,142,9,17,152.8169014,10.85,0.6359447,4,45,64,6,7.5,8.533333333,7.5,20
S Nadeem,20,39,88,2,0,44.31818182,1.95,0.205128205,70,1444,1800,54,240.6666667,7.479224377,26.74074074,70
S Sohal,20,368,311,34,18,118.3279743,18.4,0.663043478,0,0,0,0,0,0,0,20
SE Rutherford,20,397,310,25,26,128.0645161,19.85,0.644836272,6,46,60,1,7.666666667,7.826086957,46,20
SL Malinga,20,88,103,6,5,85.4368932,4.4,0.613636364,122,2974,3486,188,495.6666667,7.032952253,15.81914894,122
UBT Chand,20,300,314,32,9,95.54140127,15,0.606666667,0,0,0,0,0,0,0,20
VVS Laxman,20,282,271,33,5,104.0590406,14.1,0.574468085,0,0,0,0,0,0,0,20
Y Nagar,20,285,271,20,9,105.1660517,14.25,0.470175439,8,72,125,4,12,10.41666667,18,20
B Lee,19,124,102,8,8,121.5686275,6.526315789,0.64516129,38,916,1126,30,152.6666667,7.375545852,30.53333333,38
JR Hopes,19,417,314,49,11,132.8025478,21.94736842,0.628297362,20,369,562,14,61.5,9.138211382,26.35714286,20
MJ Santner,19,110,111,6,6,99.0990991,5.789473684,0.545454545,31,617,744,26,102.8333333,7.235008104,23.73076923,31
Mohammad Nabi,19,221,157,18,12,140.7643312,11.63157895,0.65158371,23,419,527,15,69.83333333,7.546539379,27.93333333,23
Naman Dhir,19,392,226,37,23,173.4513274,20.63157895,0.729591837,5,53,76,1,8.833333333,8.603773585,53,19
PK Garg,19,273,247,16,9,110.5263158,14.36842105,0.432234432,0,0,0,0,0,0,0,19
PP Ojha,19,16,45,0,0,35.55555556,0.842105263,0,90,1945,2399,99,324.1666667,7.400514139,19.64646465,90
PWH de Silva,19,81,95,7,1,85.26315789,4.263157895,0.419753086,37,808,1134,47,134.6666667,8.420792079,17.19148936,37
R Sharma,19,66,77,5,3,85.71428571,3.473684211,0.575757576,44,935,1100,42,155.8333333,7.058823529,22.26190476,44
SA Asnodkar,19,423,352,56,10,120.1704545,22.26315789,0.671394799,0,0,0,0,0,0,0,19
TG Southee,19,120,108,8,4,111.1111111,6.315789474,0.466666667,54,1262,1774,57,210.3333333,8.434231379,22.14035088,54
WG Jacks,19,463,306,38,29,151.3071895,24.36842105,0.704103672,13,145,221,8,24.16666667,9.144827586,18.125,19
A Raghuvanshi,18,463,326,46,16,142.0245399,25.72222222,0.60475162,0,0,0,0,0,0,0,18
AB Agarkar,18,179,160,13,5,111.875,9.944444444,0.458100559,42,820,1174,33,136.6666667,8.590243902,24.84848485,42
Ashutosh Sharma,18,393,256,24,28,153.515625,21.83333333,0.671755725,0,0,0,0,0,0,0,18
Priyansh Arya,18,545,310,60,31,175.8064516,30.27777778,0.781651376,0,0,0,0,0,0,0,18
R Ravindra,18,413,298,40,16,138.590604,22.94444444,0.619854722,2,12,7,0,2,3.5,0,18
Rahmanullah Gurbaz,18,363,283,34,22,128.2685512,20.16666667,0.738292011,0,0,0,0,0,0,0,18
A Nehra,17,41,63,3,1,65.07936508,2.411764706,0.43902439,88,1974,2537,121,329,7.711246201,16.31404959,88
BCJ Cutting,17,238,146,15,19,163.0136986,14,0.731092437,17,288,430,12,48,8.958333333,24,17
Bipul Sharma,17,187,124,11,9,150.8064516,11,0.524064171,28,436,581,22,72.66666667,7.995412844,19.81818182,28
DH Yagnik,17,170,142,23,2,119.7183099,10,0.611764706,0,0,0,0,0,0,0,17
MD Mishra,17,237,213,24,8,111.2676056,13.94117647,0.607594937,0,0,0,0,0,0,0,17
YS Chahal,17,37,89,0,0,41.57303371,2.176470588,0,172,3905,5112,229,650.8333333,7.854545455,17.05240175,172
AB Dinda,16,26,50,2,0,52,1.625,0.307692308,75,1589,2103,82,264.8333333,7.940843298,19.37804878,75
AS Raut,16,194,172,13,7,112.7906977,12.125,0.484536082,5,30,45,0,5,9,0,16
D Brevis,16,455,305,30,33,149.1803279,28.4375,0.698901099,1,3,8,1,0.5,16,3,16
DL Chahar,16,117,86,5,8,136.0465116,7.3125,0.581196581,95,2009,2621,91,334.8333333,7.827775012,22.07692308,95
DL Vettori,16,121,118,11,2,102.5423729,7.5625,0.462809917,34,785,894,34,130.8333333,6.833121019,23.08823529,34
HM Amla,16,577,418,60,21,138.0382775,36.0625,0.634315425,0,0,0,0,0,0,0,16
JEC Franklin,16,327,309,25,9,105.8252427,20.4375,0.470948012,15,155,225,9,25.83333333,8.709677419,17.22222222,16
K Goel,16,218,239,17,9,91.21338912,13.625,0.559633028,6,67,94,0,11.16666667,8.417910448,0,16
LA Pomersbach,16,302,251,25,13,120.3187251,18.875,0.589403974,0,0,0,0,0,0,0,16
NM Coulter-Nile,16,82,75,7,4,109.3333333,5.125,0.634146341,38,892,1125,52,148.6666667,7.567264574,17.15384615,38
Ravi Bishnoi,16,45,68,2,2,66.17647059,2.8125,0.444444444,76,1693,2263,77,282.1666667,8.020082693,21.98701299,76
A Kumble,15,35,49,3,0,71.42857143,2.333333333,0.342857143,42,983,1089,49,163.8333333,6.646998983,20.06122449,42
AA Jhunjhunwala,15,217,218,19,5,99.5412844,14.46666667,0.488479263,10,88,130,1,14.66666667,8.863636364,88,15
CA Ingram,15,205,183,22,5,112.0218579,13.66666667,0.575609756,0,0,0,0,0,0,0,15
DJ Mitchell,15,351,274,28,10,128.1021898,23.4,0.49002849,4,51,97,1,8.5,11.41176471,51,15
J Fraser-McGurk,15,385,203,39,30,189.6551724,25.66666667,0.872727273,0,0,0,0,0,0,0,15
MS Gony,15,99,76,6,8,130.2631579,6.6,0.727272727,44,925,1317,39,154.1666667,8.542702703,23.71794872,44
RE van der Merwe,15,159,144,11,8,110.4166667,10.6,0.578616352,21,455,515,25,75.83333333,6.791208791,18.2,21
CR Brathwaite,14,181,120,10,16,150.8333333,12.92857143,0.751381215,16,266,384,16,44.33333333,8.661654135,16.625,16
M Kartik,14,113,109,7,1,103.6697248,8.071428571,0.300884956,55,1182,1418,39,197,7.197969543,30.30769231,55
MF Maharoof,14,177,124,12,9,142.7419355,12.64285714,0.576271186,20,441,532,33,73.5,7.238095238,13.36363636,20
MN Samuels,14,161,174,9,7,92.52873563,11.5,0.48447205,11,219,285,10,36.5,7.808219178,21.9,14
MS Wade,14,183,185,23,2,98.91891892,13.07142857,0.568306011,0,0,0,0,0,0,0,14
PJ Sangwan,14,26,47,1,0,55.31914894,1.857142857,0.153846154,42,905,1267,44,150.8333333,8.4,20.56818182,42
RD Rickelton,14,388,266,47,17,145.8646617,27.71428571,0.74742268,0,0,0,0,0,0,0,14
SK Trivedi,14,42,61,3,1,68.85245902,3,0.428571429,75,1557,1944,73,259.5,7.49132948,21.32876712,75
A Nortje,13,49,51,6,0,96.07843137,3.769230769,0.489795918,48,1142,1701,63,190.3333333,8.936952715,18.12698413,48
AJ Tye,13,91,79,6,5,115.1898734,7,0.593406593,30,714,1005,48,119,8.445378151,14.875,30
Arshdeep Singh,13,31,48,4,0,64.58333333,2.384615385,0.516129032,81,1820,2624,106,303.3333333,8.650549451,17.16981132,81
Avesh Khan,13,62,39,6,4,158.974359,4.769230769,0.774193548,75,1684,2497,94,280.6666667,8.896674584,17.91489362,75
CM Gautam,13,169,158,17,6,106.9620253,13,0.615384615,0,0,0,0,0,0,0,13
DR Sams,13,44,48,1,3,91.66666667,3.384615385,0.5,16,389,528,15,64.83333333,8.143958869,25.93333333,16
Iqbal Abdulla,13,88,86,9,1,102.3255814,6.769230769,0.477272727,48,943,1125,45,157.1666667,7.158006363,20.95555556,48
KR Mayers,13,379,276,38,22,137.3188406,29.15384615,0.749340369,6,46,59,0,7.666666667,7.695652174,0,13
L Balaji,13,36,50,2,1,72,2.769230769,0.388888889,73,1574,2083,85,262.3333333,7.940279543,18.51764706,73
MJ Guptill,13,271,197,24,15,137.5634518,20.84615385,0.686346863,0,0,0,0,0,0,0,13
PBB Rajapaksa,13,277,201,22,15,137.8109453,21.30769231,0.642599278,0,0,0,0,0,0,0,13
R McLaren,13,159,178,14,1,89.3258427,12.23076923,0.389937107,18,372,558,14,62,9,26.57142857,18
WD Parnell,13,65,86,4,1,75.58139535,5,0.338461538,33,758,968,40,126.3333333,7.662269129,18.95,33
Aniket Verma,12,236,148,12,20,159.4594595,19.66666667,0.711864407,0,0,0,0,0,0,0,12
CJ Jordan,12,81,81,3,3,100,6.75,0.37037037,34,717,1111,36,119.5,9.29707113,19.91666667,34
CR Woakes,12,78,77,7,2,101.2987013,6.5,0.512820513,21,463,674,31,77.16666667,8.734341253,14.93548387,21
KK Cooper,12,116,70,9,8,165.7142857,9.666666667,0.724137931,25,600,789,36,100,7.89,16.66666667,25
M Ashwin,12,35,50,2,1,70,2.916666667,0.4,44,898,1182,35,149.6666667,7.897550111,25.65714286,44
MJ Lumb,12,278,198,45,6,140.4040404,23.16666667,0.776978417,0,0,0,0,0,0,0,12
MM Patel,12,39,41,5,0,95.12195122,3.25,0.512820513,63,1382,1733,82,230.3333333,7.523878437,16.85365854,63
P Dogra,12,127,141,4,5,90.07092199,10.58333333,0.362204724,0,0,0,0,0,0,0,12
R Shepherd,12,185,93,12,17,198.9247312,15.41666667,0.810810811,15,223,416,12,37.16666667,11.19282511,18.58333333,15
S Anirudha,12,136,121,9,7,112.3966942,11.33333333,0.573529412,0,0,0,0,0,0,0,12
S Sreesanth,12,34,57,6,0,59.64912281,2.833333333,0.705882353,44,947,1221,43,157.8333333,7.736008448,22.02325581,44
VR Aaron,12,50,73,2,2,68.49315068,4.166666667,0.4,50,1065,1527,46,177.5,8.602816901,23.15217391,50
AD Mascarenhas,11,79,79,5,1,100,7.181818182,0.329113924,13,310,365,19,51.66666667,7.064516129,16.31578947,13
B Akhil,11,76,57,5,5,133.3333333,6.909090909,0.657894737,13,193,246,7,32.16666667,7.647668394,27.57142857,13
C Munro,11,177,144,19,8,122.9166667,16.09090909,0.700564972,2,12,15,0,2,7.5,0,11
CV Varun,11,26,50,2,0,52,2.363636364,0.307692308,83,1932,2432,102,322,7.552795031,18.94117647,83
D Wiese,11,148,105,12,7,140.952381,13.45454545,0.608108108,15,307,447,17,51.16666667,8.736156352,18.05882353,15
FY Fazal,11,183,179,22,1,102.2346369,16.63636364,0.513661202,2,12,20,1,2,10,12,11
HC Brook,11,190,159,23,4,119.4968553,17.27272727,0.610526316,0,0,0,0,0,0,0,11
JDP Oram,11,106,110,6,5,96.36363636,9.636363636,0.509433962,14,244,362,13,40.66666667,8.901639344,18.76923077,14
JP Inglis,11,278,177,26,16,157.0621469,25.27272727,0.71942446,0,0,0,0,0,0,0,11
M Rawat,11,55,70,4,1,78.57142857,5,0.4,0,0,0,0,0,0,0,11
Noor Ahmad,11,20,35,2,0,57.14285714,1.818181818,0.4,37,827,1088,48,137.8333333,7.893591294,17.22916667,37
SB Dubey,11,139,87,9,10,159.7701149,12.63636364,0.690647482,0,0,0,0,0,0,0,11
SM Katich,11,241,191,26,8,126.1780105,21.90909091,0.630705394,0,0,0,0,0,0,0,11
Sachin Baby,11,144,123,11,5,117.0731707,13.09090909,0.513888889,2,10,8,3,1.666666667,4.8,3.333333333,11
Shivam Mavi,11,51,58,4,2,87.93103448,4.636363636,0.549019608,32,687,958,33,114.5,8.366812227,20.81818182,32
WPUJC Vaas,11,81,73,2,3,110.9589041,7.363636364,0.320987654,13,288,364,22,48,7.583333333,13.09090909,13
AD Nath,10,90,99,7,2,90.90909091,9,0.444444444,0,0,0,0,0,0,0,10
Aman Hakim Khan,10,115,109,8,6,105.5045872,11.5,0.591304348,1,6,13,0,1,13,0,10
Ankit Sharma,10,87,69,7,4,126.0869565,8.7,0.597701149,21,375,453,12,62.5,7.248,31.25,21
Arshad Khan,10,119,90,5,9,132.2222222,11.9,0.621848739,18,289,502,12,48.16666667,10.42214533,24.08333333,18
Atharva Taide,10,260,188,30,8,138.2978723,26,0.646153846,1,1,4,0,0.166666667,24,0,10
Harshit Rana,10,59,57,5,3,103.5087719,5.9,0.644067797,32,679,1047,42,113.1666667,9.251840943,16.16666667,32
JDS Neesham,10,92,93,6,2,98.92473118,9.2,0.391304348,13,222,342,8,37,9.243243243,27.75,13
M Markande,10,48,44,5,1,109.0909091,4.8,0.541666667,37,737,1081,37,122.8333333,8.800542741,19.91891892,37
N Jagadeesan,10,162,155,21,2,104.516129,16.2,0.592592593,0,0,0,0,0,0,0,10
N Saini,10,140,143,16,0,97.9020979,14,0.457142857,0,0,0,0,0,0,0,10
PA Reddy,10,164,167,15,2,98.20359281,16.4,0.43902439,0,0,0,0,0,0,0,10
PVD Chameera,10,53,46,3,3,115.2173913,5.3,0.566037736,19,408,640,15,68,9.411764706,27.2,19
S Aravind,10,59,59,7,0,100,5.9,0.474576271,38,788,1057,48,131.3333333,8.04822335,16.41666667,38
SB Styris,10,131,134,10,3,97.76119403,13.1,0.442748092,11,222,278,9,37,7.513513514,24.66666667,11
SP Fleming,10,196,171,27,3,114.619883,19.6,0.642857143,0,0,0,0,0,0,0,10
SS Prabhudessai,10,126,113,11,4,111.5044248,12.6,0.53968254,0,0,0,0,0,0,0,10
TK Curran,10,127,108,10,3,117.5925926,12.7,0.456692913,13,252,432,13,42,10.28571429,19.38461538,13
YV Takawale,10,192,183,26,3,104.9180328,19.2,0.635416667,0,0,0,0,0,0,0,10
AB McDonald,9,123,103,9,4,119.4174757,13.66666667,0.487804878,10,188,263,14,31.33333333,8.393617021,13.42857143,10
Anmolpreet Singh,9,139,117,19,3,118.8034188,15.44444444,0.676258993,0,0,0,0,0,0,0,9
Azmatullah Omarzai,9,99,77,8,5,128.5714286,11,0.626262626,15,300,476,12,50,9.52,25,15
J Suchith,9,70,62,6,3,112.9032258,7.777777778,0.6,21,434,604,20,72.33333333,8.350230415,21.7,21
KA Jamieson,9,65,60,5,3,108.3333333,7.222222222,0.584615385,13,273,418,14,45.5,9.186813187,19.5,13
M Muralitharan,9,20,30,1,0,66.66666667,2.222222222,0.2,66,1581,1765,67,263.5,6.69829222,23.59701493,66
PR Shah,9,92,97,9,2,94.84536082,10.22222222,0.52173913,0,0,0,0,0,0,0,9
RR Powar,9,67,64,6,1,104.6875,7.444444444,0.447761194,26,443,538,15,73.83333333,7.286681716,29.53333333,26
RT Ponting,9,91,129,5,2,70.54263566,10.11111111,0.351648352,0,0,0,0,0,0,0,9
RV Gomez,9,50,53,5,1,94.33962264,5.555555556,0.52,9,97,130,6,16.16666667,8.041237113,16.16666667,9
S Kaul,9,20,36,1,0,55.55555556,2.222222222,0.2,55,1238,1772,63,206.3333333,8.588045234,19.65079365,55
SD Hope,9,183,125,12,12,146.4,20.33333333,0.655737705,0,0,0,0,0,0,0,9
Sameer Rizvi,9,172,126,15,9,136.5079365,19.11111111,0.662790698,0,0,0,0,0,0,0,9
Shahid Afridi,9,81,46,7,6,176.0869565,9,0.790123457,10,185,237,9,30.83333333,7.686486486,20.55555556,10
Sikandar Raza,9,182,143,12,8,127.2727273,20.22222222,0.527472527,7,88,146,3,14.66666667,9.954545455,29.33333333,9
Swapnil Singh,9,51,46,3,3,110.8695652,5.666666667,0.588235294,14,165,241,7,27.5,8.763636364,23.57142857,14
VG Arora,9,9,25,0,0,36,1,0,32,690,1029,39,115,8.947826087,17.69230769,32
Anureet Singh,8,36,47,2,1,76.59574468,4.5,0.388888889,22,430,636,21,71.66666667,8.874418605,20.47619048,22
BB Samantray,8,125,116,13,2,107.7586207,15.625,0.512,0,0,0,0,0,0,0,8
BJ Rohrer,8,193,146,21,5,132.1917808,24.125,0.590673575,1,7,12,0,1.166666667,10.28571429,0,8
CJ Ferguson,8,98,119,9,0,82.35294118,12.25,0.367346939,0,0,0,0,0,0,0,8
GD Phillips,8,65,55,3,6,118.1818182,8.125,0.738461538,4,31,40,2,5.166666667,7.741935484,15.5,8
Harpreet Singh,8,123,119,10,3,103.3613445,15.375,0.471544715,0,0,0,0,0,0,0,8
Imran Tahir,8,33,37,5,0,89.18918919,4.125,0.606060606,59,1340,1729,86,223.3333333,7.741791045,15.58139535,59
KB Arun Karthik,8,51,53,4,1,96.22641509,6.375,0.431372549,0,0,0,0,0,0,0,8
KS Bharat,8,199,168,12,8,118.452381,24.875,0.48241206,0,0,0,0,0,0,0,8
LH Ferguson,8,72,49,7,2,146.9387755,9,0.555555556,49,1078,1558,63,179.6666667,8.6716141,17.11111111,49
Misbah-ul-Haq,8,117,82,10,6,142.6829268,14.625,0.64957265,0,0,0,0,0,0,0,8
Mohammad Hafeez,8,64,84,7,2,76.19047619,8,0.625,4,63,71,2,10.5,6.761904762,31.5,8
S Rana,8,91,82,9,1,110.9756098,11.375,0.461538462,3,16,18,0,2.666666667,6.75,0,8
S Vidyut,8,145,115,21,3,126.0869565,18.125,0.703448276,1,13,22,1,2.166666667,10.15384615,13,8
SD Chitnis,8,99,92,10,2,107.6086957,12.375,0.525252525,2,38,62,2,6.333333333,9.789473684,19,8
SM Pollock,8,147,116,12,8,126.7241379,18.375,0.653061224,13,280,307,13,46.66666667,6.578571429,21.53846154,13
SP Jackson,8,61,57,5,1,107.0175439,7.625,0.426229508,0,0,0,0,0,0,0,8
TU Deshpande,8,28,24,2,1,116.6666667,3.5,0.5,46,1043,1617,55,173.8333333,9.302013423,18.96363636,46
V Nigam,8,142,82,16,8,173.1707317,17.75,0.788732394,13,244,361,12,40.66666667,8.87704918,20.33333333,13
W Jaffer,8,130,129,14,3,100.7751938,16.25,0.569230769,0,0,0,0,0,0,0,8
WA Mota,8,56,76,2,0,73.68421053,7,0.142857143,7,75,98,4,12.5,7.84,18.75,8
A Mhatre,7,240,131,31,11,183.2061069,34.28571429,0.791666667,0,0,0,0,0,0,0,7
AA Bilakhia,7,69,88,5,0,78.40909091,9.857142857,0.289855072,0,0,0,0,0,0,0,7
AC Blizzard,7,120,91,21,2,131.8681319,17.14285714,0.8,0,0,0,0,0,0,0,7
AC Voges,7,181,143,15,3,126.5734266,25.85714286,0.430939227,7,56,76,1,9.333333333,8.142857143,56,7
AS Rajpoot,7,26,41,2,1,63.41463415,3.714285714,0.538461538,29,567,844,24,94.5,8.931216931,23.625,29
AS Roy,7,26,25,3,0,104,3.714285714,0.461538462,10,167,218,8,27.83333333,7.832335329,20.875,10
AUK Pathan,7,39,26,5,2,150,5.571428571,0.820512821,3,41,63,0,6.833333333,9.219512195,0,7
BB Sran,7,10,14,0,0,71.42857143,1.428571429,0,24,516,767,20,86,8.918604651,25.8,24
Basil Thampi,7,32,37,1,1,86.48648649,4.571428571,0.3125,25,539,862,26,89.83333333,9.59554731,20.73076923,25
C Sakariya,7,20,31,3,0,64.51612903,2.857142857,0.6,20,479,649,20,79.83333333,8.129436326,23.95,20
DJ Jacobs,7,92,101,10,4,91.08910891,13.14285714,0.695652174,0,0,0,0,0,0,0,7
DJM Short,7,115,102,11,5,112.745098,16.42857143,0.643478261,2,18,23,1,3,7.666666667,18,7
G Coetzee,7,31,33,2,2,93.93939394,4.428571429,0.64516129,14,292,490,15,48.66666667,10.06849315,19.46666667,14
IR Jaggi,7,76,100,6,0,76,10.85714286,0.315789474,0,0,0,0,0,0,0,7
JR Hazlewood,7,19,30,1,0,63.33333333,2.714285714,0.210526316,39,892,1219,58,148.6666667,8.19955157,15.37931034,39
KL Nagarkoti,7,22,34,1,0,64.70588235,3.142857143,0.181818182,11,185,287,5,30.83333333,9.308108108,37,11
M Prasidh Krishna,7,9,24,0,0,37.5,1.285714286,0,66,1595,2247,80,265.8333333,8.452664577,19.9375,66
MC Juneja,7,125,134,11,1,93.28358209,17.85714286,0.4,0,0,0,0,0,0,0,7
Mustafizur Rahman,7,13,24,0,1,54.16666667,1.857142857,0.461538462,60,1419,1879,74,236.5,7.945031712,19.17567568,60
Navdeep Saini,7,33,38,3,0,86.84210526,4.714285714,0.363636364,31,682,968,26,113.6666667,8.516129032,26.23076923,31
PD Collingwood,7,203,159,9,13,127.672956,29,0.561576355,6,90,101,5,15,6.733333333,18,7
R Rampaul,7,51,52,3,2,98.07692308,7.285714286,0.470588235,12,278,319,17,46.33333333,6.884892086,16.35294118,12
RJ Quiney,7,103,105,12,3,98.0952381,14.71428571,0.640776699,0,0,0,0,0,0,0,7
RV Patel,7,80,76,6,2,105.2631579,11.42857143,0.45,1,20,22,0,3.333333333,6.6,0,7
SB Bangar,7,49,58,1,3,84.48275862,7,0.448979592,9,153,221,6,25.5,8.666666667,25.5,9
Salman Butt,7,193,172,30,2,112.2093023,27.57142857,0.683937824,0,0,0,0,0,0,0,7
V Suryavanshi,7,252,129,18,24,195.3488372,36,0.857142857,0,0,0,0,0,0,0,7
A Chopra,6,53,75,7,0,70.66666667,8.833333333,0.528301887,0,0,0,0,0,0,0,6
A Kamboj,6,16,15,2,0,106.6666667,2.666666667,0.5,11,198,288,10,33,8.727272727,19.8,11
A Mithun,6,34,26,4,1,130.7692308,5.666666667,0.647058824,16,312,477,8,52,9.173076923,39,16
AD Hales,6,148,119,13,6,124.3697479,24.66666667,0.594594595,0,0,0,0,0,0,0,6
AF Milne,6,23,31,0,1,74.19354839,3.833333333,0.260869565,10,217,339,9,36.16666667,9.373271889,24.11111111,10
AJ Turner,6,24,31,0,2,77.41935484,4,0.5,0,0,0,0,0,0,0,6
AN Ahmed,6,36,27,4,1,133.3333333,6,0.611111111,17,362,515,15,60.33333333,8.535911602,24.13333333,17
AS Yadav,6,49,40,5,2,122.5,8.166666667,0.653061224,0,0,0,0,0,0,0,6
KK Ahmed,6,2,9,0,0,22.22222222,0.333333333,0,71,1635,2372,94,272.5,8.704587156,17.39361702,71
Kamran Akmal,6,128,78,13,8,164.1025641,21.33333333,0.78125,0,0,0,0,0,0,0,6
Kartik Tyagi,6,13,16,1,0,81.25,2.166666667,0.307692308,20,458,720,16,76.33333333,9.43231441,28.625,20
M Theekshana,6,17,34,0,1,50,2.833333333,0.352941176,38,902,1226,36,150.3333333,8.155210643,25.05555556,38
MJ Clarke,6,98,96,12,0,102.0833333,16.33333333,0.489795918,5,66,72,3,11,6.545454545,22,6
MW Short,6,117,99,15,4,118.1818182,19.5,0.717948718,3,25,25,0,4.166666667,6,0,6
Mujeeb Ur Rahman,6,12,15,2,0,80,2,0.666666667,20,465,626,21,77.5,8.077419355,22.14285714,20
NK Patel,6,121,124,14,1,97.58064516,20.16666667,0.512396694,0,0,0,0,0,0,0,6
OF Smith,6,51,50,1,5,102,8.5,0.666666667,6,95,179,7,15.83333333,11.30526316,13.57142857,6
PV Tambe,6,18,39,1,0,46.15384615,3,0.222222222,33,674,866,28,112.3333333,7.709198813,24.07142857,33
RE Levi,6,83,74,10,4,112.1621622,13.83333333,0.771084337,0,0,0,0,0,0,0,6
Rasikh Salam,6,40,40,5,0,100,6.666666667,0.5,13,245,412,10,40.83333333,10.08979592,24.5,13
Simarjeet Singh,6,10,15,0,0,66.66666667,1.666666667,0,14,256,411,12,42.66666667,9.6328125,21.33333333,14
UT Khawaja,6,127,105,14,3,120.952381,21.16666667,0.582677165,0,0,0,0,0,0,0,6
Vishnu Vinod,6,56,58,3,3,96.55172414,9.333333333,0.535714286,0,0,0,0,0,0,0,6
A Singh,5,2,10,0,0,20,0.4,0,23,486,639,31,81,7.888888889,15.67741935,23
A Zampa,5,15,25,1,0,60,3,0.266666667,22,475,656,32,79.16666667,8.286315789,14.84375,22
AG Paunikar,5,49,61,9,0,80.32786885,9.8,0.734693878,0,0,0,0,0,0,0,5
AS Joseph,5,27,32,3,0,84.375,5.4,0.444444444,22,454,707,22,75.66666667,9.343612335,20.63636364,22
Akash Deep,5,25,14,2,2,178.5714286,5,0.8,14,302,554,11,50.33333333,11.00662252,27.45454545,14
D Pretorius,5,44,28,3,3,157.1428571,8.8,0.681818182,7,166,242,7,27.66666667,8.746987952,23.71428571,7
DJ Willey,5,53,64,7,0,82.8125,10.6,0.528301887,11,221,277,7,36.83333333,7.520361991,31.57142857,11
HR Shokeen,5,66,67,9,0,98.50746269,13.2,0.545454545,13,213,320,5,35.5,9.014084507,42.6,13
J Syed Mohammad,5,29,27,4,0,107.4074074,5.8,0.551724138,11,196,286,10,32.66666667,8.755102041,19.6,11
JR Philippe,5,78,80,9,1,97.5,15.6,0.538461538,0,0,0,0,0,0,0,5
Joginder Sharma,5,36,30,1,2,120,7.2,0.444444444,15,272,421,13,45.33333333,9.286764706,20.92307692,15
KC Cariappa,5,24,21,0,2,114.2857143,4.8,0.5,11,224,349,8,37.33333333,9.348214286,28,11
KMA Paul,5,18,26,1,1,69.23076923,3.6,0.555555556,8,180,239,10,30,7.966666667,18,8
L Ronchi,5,34,37,6,1,91.89189189,6.8,0.882352941,0,0,0,0,0,0,0,5
LA Carseldine,5,81,71,11,0,114.084507,16.2,0.543209877,1,7,6,1,1.166666667,5.142857143,7,5
LJ Wright,5,106,63,16,3,168.2539683,21.2,0.773584906,6,75,125,2,12.5,10,37.5,6
MN van Wyk,5,167,135,19,1,123.7037037,33.4,0.491017964,0,0,0,0,0,0,0,5
Mohsin Khan,5,25,27,2,1,92.59259259,5,0.56,23,507,698,27,84.5,8.26035503,18.77777778,23
Mukesh Kumar,5,10,20,0,0,50,2,0,32,675,1118,45,112.5,9.937777778,15,32
NT Ellis,5,19,26,0,1,73.07692308,3.8,0.315789474,17,390,553,20,65,8.507692308,19.5,17
P Awana,5,5,14,0,0,35.71428571,1,0,33,774,1046,43,129,8.108527132,18,33
PHKD Mendis,5,92,72,7,2,127.7777778,18.4,0.434782609,4,42,60,2,7,8.571428571,21,5
PN Mankad,5,97,75,13,2,129.3333333,19.4,0.659793814,0,0,0,0,0,0,0,5
Pankaj Singh,5,7,12,0,0,58.33333333,1.4,0,17,311,472,11,51.83333333,9.106109325,28.27272727,17
RJ Peterson,5,32,32,3,1,100,6.4,0.5625,4,48,70,3,8,8.75,16,5
RR Raje,5,20,18,1,1,111.1111111,4,0.5,10,144,214,7,24,8.916666667,20.57142857,10
S Badree,5,13,25,0,0,52,2.6,0,12,263,329,11,43.83333333,7.505703422,23.90909091,12
SB Jakati,5,28,30,3,0,93.33333333,5.6,0.428571429,57,1101,1474,50,183.5,8.032697548,22.02,57
SH Johnson,5,8,11,1,0,72.72727273,1.6,0.5,9,172,289,5,28.66666667,10.08139535,34.4,9
SK Rasheed,5,71,67,9,2,105.9701493,14.2,0.676056338,0,0,0,0,0,0,0,5
SW Tait,5,23,26,1,1,88.46153846,4.6,0.434782609,21,534,668,26,89,7.505617978,20.53846154,21
Sanvir Singh,5,25,22,2,1,113.6363636,5,0.56,0,0,0,0,0,0,0,5
Shoaib Malik,5,52,49,5,0,106.122449,10.4,0.384615385,5,58,87,2,9.666666667,9,29,5
Sohail Tanvir,5,36,31,3,1,116.1290323,7.2,0.5,11,265,275,24,44.16666667,6.226415094,11.04166667,11
Sunny Singh,5,43,31,6,1,138.7096774,8.6,0.697674419,0,0,0,0,0,0,0,5
TR Birt,5,75,59,9,2,127.1186441,15,0.64,0,0,0,0,0,0,0,5
TS Mills,5,8,14,0,1,57.14285714,1.6,0.75,10,218,349,11,36.33333333,9.605504587,19.81818182,10
Umran Malik,5,23,16,1,2,143.75,4.6,0.695652174,26,519,785,31,86.5,9.075144509,16.74193548,26
VY Mahesh,5,15,28,0,0,53.57142857,3,0,17,359,511,22,59.83333333,8.540389972,16.31818182,17
AC Thomas,4,20,19,1,1,105.2631579,5,0.5,15,327,416,16,54.5,7.633027523,20.4375,15
AP Majumdar,4,87,77,7,2,112.987013,21.75,0.459770115,0,0,0,0,0,0,0,4
Anirudh Singh,4,63,69,6,1,91.30434783,15.75,0.476190476,0,0,0,0,0,0,0,4
B Laughlin,4,5,13,0,0,38.46153846,1.25,0,9,179,284,10,29.83333333,9.519553073,17.9,9
B Sumanth,4,35,38,3,0,92.10526316,8.75,0.342857143,0,0,0,0,0,0,0,4
DE Bollinger,4,21,23,1,1,91.30434783,5.25,0.476190476,27,600,716,43,100,7.16,13.95348837,27
DJ Harris,4,111,103,11,5,107.7669903,27.75,0.666666667,2,18,26,0,3,8.666666667,0,4
DJ Thornely,4,39,54,2,2,72.22222222,9.75,0.512820513,4,44,40,3,7.333333333,5.454545455,14.66666667,4
GB Hogg,4,22,22,1,0,100,5.5,0.181818182,21,466,585,25,77.66666667,7.532188841,18.64,21
Harmeet Singh,4,18,12,3,0,150,4.5,0.666666667,28,574,747,31,95.66666667,7.808362369,18.51612903,28
I Udana,4,15,11,1,1,136.3636364,3.75,0.666666667,10,182,286,8,30.33333333,9.428571429,22.75,10
J Theron,4,10,13,1,0,76.92307692,2.5,0.4,10,235,311,13,39.16666667,7.940425532,18.07692308,10
J Yadav,4,40,38,2,1,105.2631579,10,0.35,20,398,447,9,66.33333333,6.738693467,44.22222222,20
Jaskaran Singh,4,8,11,0,0,72.72727273,2,0,7,111,174,6,18.5,9.405405405,18.5,7
K Kartikeya,4,12,18,1,0,66.66666667,3,0.333333333,16,290,412,12,48.33333333,8.524137931,24.16666667,16
KW Richardson,4,36,39,2,1,92.30769231,9,0.388888889,15,345,479,21,57.5,8.330434783,16.42857143,15
Karanveer Singh,4,12,17,1,0,70.58823529,3,0.333333333,9,213,323,14,35.5,9.098591549,15.21428571,9
M Klinger,4,73,78,9,0,93.58974359,18.25,0.493150685,0,0,0,0,0,0,0,4
MG Bracewell,4,58,49,6,1,118.3673469,14.5,0.517241379,5,66,95,6,11,8.636363636,11,5
NS Naik,4,31,53,2,0,58.49056604,7.75,0.258064516,0,0,0,0,0,0,0,4
Naveen-ul-Haq,4,18,26,2,0,69.23076923,4.5,0.444444444,17,407,602,26,67.83333333,8.874692875,15.65384615,17
Parvez Rasool,4,17,20,1,0,85,4.25,0.235294118,11,200,273,4,33.33333333,8.19,50,11
R Sai Kishore,4,18,16,0,2,112.5,4.5,0.666666667,25,453,655,32,75.5,8.675496689,14.15625,25
R Shukla,4,19,23,2,0,82.60869565,4.75,0.421052632,7,130,217,7,21.66666667,10.01538462,18.57142857,7
RK Bhui,4,10,27,0,0,37.03703704,2.5,0,0,0,0,0,0,0,0,4
RR Sarwan,4,73,78,6,1,93.58974359,18.25,0.410958904,0,0,0,0,0,0,0,4
S Narwal,4,37,29,6,0,127.5862069,9.25,0.648648649,6,113,203,6,18.83333333,10.77876106,18.83333333,6
SJ Srivastava,4,5,5,0,0,100,1.25,0,14,306,444,15,51,8.705882353,20.4,14
SMSM Senanayake,4,10,17,0,0,58.82352941,2.5,0,8,195,211,9,32.5,6.492307692,21.66666667,8
T Thushara,4,12,19,0,0,63.15789474,3,0,6,144,164,10,24,6.833333333,14.4,6
Umar Gul,4,39,19,1,5,205.2631579,9.75,0.871794872,6,153,198,14,25.5,7.764705882,10.92857143,6
Vijaykumar Vyshak,4,14,13,0,1,107.6923077,3.5,0.428571429,16,356,577,21,59.33333333,9.724719101,16.95238095,16
Yash Dayal,4,4,9,0,0,44.44444444,1,0,43,920,1412,45,153.3333333,9.208695652,20.44444444,43
Yashpal Singh,4,47,67,5,0,70.14925373,11.75,0.425531915,0,0,0,0,0,0,0,4
Yudhvir Singh,4,22,16,1,2,137.5,5.5,0.727272727,9,145,257,8,24.16666667,10.63448276,18.125,9
A Choudhary,3,25,20,1,1,125,8.333333333,0.4,5,108,144,5,18,8,21.6,5
A Flintoff,3,62,57,5,2,108.7719298,20.66666667,0.516129032,3,66,106,2,11,9.636363636,33,3
AA Chavan,3,12,11,2,0,109.0909091,4,0.666666667,13,255,339,8,42.5,7.976470588,31.875,13
AB Barath,3,42,43,5,1,97.6744186,14,0.619047619,0,0,0,0,0,0,0,3
AG Murtaza,3,10,14,1,0,71.42857143,3.333333333,0.4,12,269,322,12,44.83333333,7.182156134,22.41666667,12
AT Carey,3,32,29,0,1,110.3448276,10.66666667,0.1875,0,0,0,0,0,0,0,3
Ankit Soni,3,7,9,0,1,77.77777778,2.333333333,0.857142857,6,112,145,4,18.66666667,7.767857143,28,6
B Indrajith,3,21,31,2,0,67.74193548,7,0.380952381,0,0,0,0,0,0,0,3
BAW Mendis,3,3,6,0,0,50,1,0,10,248,306,9,41.33333333,7.403225806,27.55555556,10
BMAJ Mendis,3,23,27,0,0,85.18518519,7.666666667,0,2,30,36,1,5,7.2,30,3
BR Dunk,3,40,36,7,0,111.1111111,13.33333333,0.7,0,0,0,0,0,0,0,3
CK Kapugedera,3,16,24,0,0,66.66666667,5.333333333,0,3,17,49,0,2.833333333,17.29411765,0,3
D Ferreira,3,9,14,0,0,64.28571429,3,0,0,0,0,0,0,0,0,3
D Salunkhe,3,33,24,5,0,137.5,11,0.606060606,5,51,80,1,8.5,9.411764706,51,5
F Behardien,3,14,13,2,0,107.6923077,4.666666667,0.571428571,0,0,0,0,0,0,0,3
FA Allen,3,14,19,1,0,73.68421053,4.666666667,0.285714286,4,91,136,2,15.16666667,8.967032967,45.5,4
Fazalhaq Farooqi,3,5,15,0,0,33.33333333,1.666666667,0,12,266,440,6,44.33333333,9.92481203,44.33333333,12
GC Viljoen,3,3,7,0,0,42.85714286,1,0,6,146,229,8,24.33333333,9.410958904,18.25,6
HE van der Dussen,3,22,25,2,0,88,7.333333333,0.363636364,0,0,0,0,0,0,0,3
J Arunkumar,3,23,24,5,0,95.83333333,7.666666667,0.869565217,0,0,0,0,0,0,0,3
JA Richardson,3,17,27,2,0,62.96296296,5.666666667,0.470588235,4,94,162,3,15.66666667,10.34042553,31.33333333,4
JJ van der Wath,3,18,17,1,1,105.8823529,6,0.555555556,3,76,134,3,12.66666667,10.57894737,25.33333333,3
KJ Abbott,3,13,8,0,1,162.5,4.333333333,0.461538462,5,102,182,2,17,10.70588235,51,5
KP Appanna,3,2,4,0,0,50,0.666666667,0,13,222,291,11,37,7.864864865,20.18181818,13
KS Sharma,3,16,25,1,0,64,5.333333333,0.25,0,0,0,0,0,0,0,3
Kumar Kushagra,3,3,7,0,0,42.85714286,1,0,0,0,0,0,0,0,0,3
LPC Silva,3,40,27,5,1,148.1481481,13.33333333,0.65,1,6,21,0,1,21,0,3
MA Khote,3,24,22,2,1,109.0909091,8,0.583333333,2,30,52,2,5,10.4,15,3
MA Wood,3,12,10,1,1,120,4,0.833333333,5,127,192,11,21.16666667,9.070866142,11.54545455,5
MD Shanaka,3,26,26,2,1,100,8.666666667,0.538461538,0,0,0,0,0,0,0,3
NJ Maddinson,3,20,21,4,0,95.23809524,6.666666667,0.8,0,0,0,0,0,0,0,3
R Bishnoi,3,19,17,1,2,111.7647059,6.333333333,0.842105263,0,0,0,0,0,0,0,3
RA Bawa,3,19,18,1,0,105.5555556,6.333333333,0.210526316,0,0,0,0,0,0,0,3
S Chanderpaul,3,25,33,4,0,75.75757576,8.333333333,0.64,0,0,0,0,0,0,0,3
SA Abbott,3,22,18,1,2,122.2222222,7.333333333,0.727272727,3,59,104,1,9.833333333,10.57627119,59,3
Saurav Chauhan,3,18,16,1,1,112.5,6,0.555555556,0,0,0,0,0,0,0,3
Shoaib Ahmed,3,1,6,0,0,16.66666667,0.333333333,0,7,103,154,5,17.16666667,8.970873786,20.6,7
Sumit Kumar,3,18,26,2,1,69.23076923,6,0.777777778,2,22,38,0,3.666666667,10.36363636,0,3
Suryansh Shedge,3,7,12,0,0,58.33333333,2.333333333,0,1,19,40,0,3.166666667,12.63157895,0,3
T Kohler-Cadmore,3,48,54,7,1,88.88888889,16,0.708333333,0,0,0,0,0,0,0,3
T Kohli,3,11,20,0,1,55,3.666666667,0.545454545,0,0,0,0,0,0,0,3
T Taibu,3,31,26,3,0,119.2307692,10.33333333,0.387096774,0,0,0,0,0,0,0,3
TL Seifert,3,26,26,4,0,100,8.666666667,0.615384615,0,0,0,0,0,0,0,3
TM Srivastava,3,8,11,0,0,72.72727273,2.666666667,0,0,0,0,0,0,0,0,3
Urvil Patel,3,68,34,5,6,200,22.66666667,0.823529412,0,0,0,0,0,0,0,3
YV Dhull,3,16,23,1,0,69.56521739,5.333333333,0.25,0,0,0,0,0,0,0,3
A Chandila,2,4,7,0,0,57.14285714,2,0,12,234,245,11,39,6.282051282,21.27272727,12
A Mukund,2,19,23,1,0,82.60869565,9.5,0.210526316,0,0,0,0,0,0,0,2
A Uniyal,2,4,7,0,0,57.14285714,2,0,2,38,67,3,6.333333333,10.57894737,12.66666667,2
AA Kulkarni,2,9,8,2,0,112.5,4.5,0.888888889,0,0,0,0,0,0,0,2
AN Ghosh,2,7,8,1,0,87.5,3.5,0.571428571,0,0,0,0,0,0,0,2
AP Dole,2,34,23,3,1,147.826087,17,0.529411765,3,73,114,5,12.16666667,9.369863014,14.6,3
AU Rashid,2,22,17,2,1,129.4117647,11,0.636363636,3,60,91,2,10,9.1,30,3
Akash Madhwal,2,8,14,0,0,57.14285714,4,0,17,376,598,26,62.66666667,9.542553191,14.46153846,17
BA Bhatt,2,6,7,0,1,85.71428571,3,1,15,303,408,13,50.5,8.079207921,23.30769231,15
BE Hendricks,2,1,3,0,0,33.33333333,0.5,0,7,157,239,11,26.16666667,9.133757962,14.27272727,7
C Bosch,2,47,32,3,3,146.875,23.5,0.638297872,2,45,56,1,7.5,7.466666667,45,2
CK Langeveldt,2,8,9,0,1,88.88888889,4,0.75,7,165,199,13,27.5,7.236363636,12.69230769,7
CRD Fernando,2,4,3,0,0,133.3333333,2,0,10,249,306,19,41.5,7.373493976,13.10526316,10
DG Nalkande,2,12,12,0,1,100,6,0.5,6,89,150,6,14.83333333,10.11235955,14.83333333,6
DNT Zoysa,2,11,9,1,0,122.2222222,5.5,0.363636364,3,69,100,2,11.5,8.695652174,34.5,3
DP Nannes,2,4,13,0,0,30.76923077,2,0,29,689,815,38,114.8333333,7.09724238,18.13157895,29
DR Shorey,2,13,20,0,1,65,6.5,0.461538462,0,0,0,0,0,0,0,2
DS Lehmann,2,18,19,3,0,94.73684211,9,0.666666667,0,0,0,0,0,0,0,2
DT Patil,2,13,13,1,0,100,6.5,0.307692308,0,0,0,0,0,0,0,2
ER Dwivedi,2,24,15,2,2,160,12,0.833333333,0,0,0,0,0,0,0,2
FH Edwards,2,4,5,0,0,80,2,0,6,150,160,6,25,6.4,25,6
GD McGrath,2,4,5,1,0,80,2,1,14,329,366,14,54.83333333,6.674772036,23.5,14
GHS Garton,2,2,4,0,0,50,1,0,5,97,136,3,16.16666667,8.412371134,32.33333333,5
IS Sodhi,2,7,18,0,0,38.88888889,3.5,0,8,182,204,9,30.33333333,6.725274725,20.22222222,8
J Overton,2,15,7,1,1,214.2857143,7.5,0.666666667,3,41,84,0,6.833333333,12.29268293,0,3
JE Taylor,2,3,4,0,0,75,1.5,0,5,122,167,6,20.33333333,8.213114754,20.33333333,5
JG Bethell,2,67,39,9,3,171.7948718,33.5,0.805970149,0,0,0,0,0,0,0,2
JL Pattinson,2,15,13,2,0,115.3846154,7.5,0.533333333,10,222,321,11,37,8.675675676,20.18181818,10
JM Kemp,2,26,25,1,1,104,13,0.384615385,5,47,58,3,7.833333333,7.404255319,15.66666667,5
JP Behrendorff,2,6,9,0,0,66.66666667,3,0,17,379,563,22,63.16666667,8.91292876,17.22727273,17
JPR Scantlebury-Searles,2,8,6,0,1,133.3333333,4,0.75,3,45,89,2,7.5,11.86666667,22.5,3
K Upadhyay,2,12,9,0,1,133.3333333,6,0.5,3,56,81,0,9.333333333,8.678571429,0,3
LE Plunkett,2,1,3,0,0,33.33333333,0.5,0,7,154,228,4,25.66666667,8.883116883,38.5,7
M Ntini,2,11,19,2,0,57.89473684,5.5,0.727272727,9,213,257,8,35.5,7.23943662,26.625,9
MDKJ Perera,2,14,13,3,0,107.6923077,7,0.857142857,0,0,0,0,0,0,0,2
Mohammad Asif,2,3,6,0,0,50,1.5,0,8,199,307,9,33.16666667,9.256281407,22.11111111,8
Mukesh Choudhary,2,6,6,1,0,100,3,0.666666667,16,334,523,17,55.66666667,9.395209581,19.64705882,16
NL McCullum,2,26,23,0,1,113.0434783,13,0.230769231,2,30,35,0,5,7,0,2
P Dubey,2,23,33,2,0,69.6969697,11.5,0.347826087,5,79,112,2,13.16666667,8.506329114,39.5,5
P Parameswaran,2,1,3,0,0,33.33333333,0.5,0,8,159,226,9,26.5,8.528301887,17.66666667,8
P Sahu,2,19,13,1,1,146.1538462,9.5,0.526315789,5,107,152,3,17.83333333,8.523364486,35.66666667,5
Prince Yadav,2,5,11,0,0,45.45454545,2.5,0,6,144,226,5,24,9.416666667,28.8,6
R Minz,2,6,16,0,0,37.5,3,0,0,0,0,0,0,0,0,2
RP Meredith,2,0,3,0,0,0,0,0,18,415,621,21,69.16666667,8.978313253,19.76190476,18
S Ladda,2,0,10,0,0,0,0,0,9,141,225,5,23.5,9.574468085,28.2,9
S Sriram,2,31,38,3,0,81.57894737,15.5,0.387096774,2,18,49,0,3,16.33333333,0,2
SB Joshi,2,6,16,0,0,37.5,3,0,4,55,82,1,9.166666667,8.945454545,55,4
SB Wagh,2,2,3,0,0,66.66666667,1,0,8,108,147,5,18,8.166666667,21.6,8
SM Harwood,2,9,14,0,0,64.28571429,4.5,0,3,67,74,3,11.16666667,6.626865672,22.33333333,3
Shivam Sharma,2,5,3,1,0,166.6666667,2.5,0.8,5,114,165,4,19,8.684210526,28.5,5
T Banton,2,18,22,1,1,81.81818182,9,0.555555556,0,0,0,0,0,0,0,2
T Henderson,2,11,16,0,1,68.75,5.5,0.545454545,2,36,41,1,6,6.833333333,36,2
T Natarajan,2,3,5,0,0,60,1.5,0,63,1426,2054,77,237.6666667,8.642356241,18.51948052,63
TD Paine,2,10,29,0,0,34.48275862,5,0,0,0,0,0,0,0,0,2
VH Zol,2,29,26,3,1,111.5384615,14.5,0.620689655,0,0,0,0,0,0,0,2
VRV Singh,2,4,3,1,0,133.3333333,2,1,18,371,549,16,61.83333333,8.878706199,23.1875,18
VS Malik,2,7,7,1,0,100,3.5,0.571428571,13,212,268,6,35.33333333,7.58490566,35.33333333,13
Virat Singh,2,15,26,1,0,57.69230769,7.5,0.266666667,0,0,0,0,0,0,0,2
A Dananjaya,1,4,5,0,0,80,4,0,1,25,47,0,4.166666667,11.28,0,1
A Tomar,1,4,8,1,0,50,4,1,0,0,0,0,0,0,0,1
AA Noffke,1,9,12,1,0,75,9,0.444444444,1,25,41,1,4.166666667,9.84,25,1
AJ Hosein,1,16,11,1,1,145.4545455,16,0.625,1,24,41,1,4,10.25,24,1
AR Bawne,1,12,12,1,0,100,12,0.333333333,0,0,0,0,0,0,0,1
Abdul Basith,1,1,1,0,0,100,1,0,0,0,0,0,0,0,0,1
Abdur Razzak,1,0,2,0,0,0,0,0,1,14,29,0,2.333333333,12.42857143,0,1
Arjun Tendulkar,1,13,9,0,1,144.4444444,13,0.461538462,5,83,117,4,13.83333333,8.457831325,20.75,5
Arshad Khan (2),1,5,4,1,0,125,5,0.8,1,13,25,0,2.166666667,11.53846154,0,1
B Stanlake,1,5,2,1,0,250,5,0.8,6,150,200,7,25,8,21.42857143,6
BJ Haddin,1,18,11,2,1,163.6363636,18,0.777777778,0,0,0,0,0,0,0,1
BKG Mendis,1,20,11,1,2,181.8181818,20,0.8,0,0,0,0,0,0,0,1
BR Sharath,1,2,5,0,0,40,2,0,0,0,0,0,0,0,0,1
C Madan,1,15,21,3,0,71.42857143,15,0.8,0,0,0,0,0,0,0,1
C Nanda,1,0,1,0,0,0,0,0,3,50,58,2,8.333333333,6.96,25,3
CJ McKay,1,8,15,0,0,53.33333333,8,0,2,42,60,1,7,8.571428571,42,2
D Kalyankrishna,1,3,8,0,0,37.5,3,0,3,50,88,2,8.333333333,10.56,25,3
D du Preez,1,10,13,0,0,76.92307692,10,0,2,43,56,4,7.166666667,7.813953488,10.75,2
DAJ Bracewell,1,12,9,1,0,133.3333333,12,0.333333333,1,25,32,3,4.166666667,7.68,8.333333333,1
DJ Malan,1,26,26,1,1,100,26,0.384615385,0,0,0,0,0,0,0,1
DJ Muthuswami,1,1,3,0,0,33.33333333,1,0,6,84,108,4,14,7.714285714,21,6
DM Bravo,1,6,5,1,0,120,6,0.666666667,0,0,0,0,0,0,0,1
DP Vijaykumar,1,1,1,0,0,100,1,0,9,159,205,4,26.5,7.735849057,39.75,9
DR Martyn,1,19,26,1,0,73.07692308,19,0.210526316,0,0,0,0,0,0,0,1
DS Rathi,1,1,4,0,0,25,1,0,13,321,435,14,53.5,8.130841121,22.92857143,13
GR Napier,1,15,16,1,0,93.75,15,0.266666667,1,24,28,1,4,7,24,1
Gulbadin Naib,1,19,15,1,1,126.6666667,19,0.526315789,1,6,12,0,1,12,0,1
H Das,1,2,5,0,0,40,2,0,0,0,0,0,0,0,0,1
HF Gurney,1,1,5,0,0,20,1,0,8,169,239,7,28.16666667,8.485207101,24.14285714,8
I Malhotra,1,7,4,1,0,175,7,0.571428571,1,6,23,0,1,23,0,1
IC Pandey,1,0,2,0,0,0,0,0,24,469,609,19,78.16666667,7.791044776,24.68421053,24
JE Root,1,10,15,1,0,66.66666667,10,0.4,1,12,15,0,2,7.5,0,1
JL Denly,1,0,1,0,0,0,0,0,0,0,0,0,0,0,0,1
K Yadav,1,0,4,0,0,0,0,0,3,54,85,2,9,9.444444444,27,3
KA Maharaj,1,1,2,0,0,50,1,0,2,36,39,2,6,6.5,18,2
KAJ Roach,1,10,9,1,0,111.1111111,10,0.4,2,52,80,0,8.666666667,9.230769231,0,2
KM Asif,1,0,2,0,0,0,0,0,7,143,232,7,23.83333333,9.734265734,20.42857143,7
KMDN Kulasekara,1,5,3,1,0,166.6666667,5,0.8,5,107,122,6,17.83333333,6.841121495,17.83333333,5
KR Sen,1,0,3,0,0,0,0,0,12,255,396,14,42.5,9.317647059,18.21428571,12
KS Rathore,1,0,5,0,0,0,0,0,0,0,0,0,0,0,0,1
KT Maphaka,1,8,3,2,0,266.6666667,8,1,4,71,148,2,11.83333333,12.50704225,35.5,4
Kamran Khan,1,3,5,0,0,60,3,0,9,177,248,14,29.5,8.406779661,12.64285714,9
L Ablish,1,0,2,0,0,0,0,0,3,45,76,5,7.5,10.13333333,9,3
L Ngidi,1,0,2,0,0,0,0,0,16,390,541,32,65,8.323076923,12.1875,16
L Wood,1,9,3,0,1,300,9,0.666666667,2,38,94,1,6.333333333,14.84210526,38,2
LB Williams,1,1,2,0,0,50,1,0,2,42,74,1,7,10.57142857,42,2
Liton Das,1,4,4,1,0,100,4,1,0,0,0,0,0,0,0,1
M Tiwari,1,3,4,0,0,75,3,0,1,6,14,0,1,14,0,1
M de Lange,1,1,2,0,0,50,1,0,5,116,171,6,19.33333333,8.844827586,19.33333333,5
MJ Owen,1,0,2,0,0,0,0,0,0,0,0,0,0,0,0,1
MJ Suthar,1,1,2,0,0,50,1,0,1,12,26,0,2,13,0,1
MP Breetzke,1,14,12,1,1,116.6666667,14,0.714285714,0,0,0,0,0,0,0,1
MS Bhandage,1,1,4,0,0,25,1,0,0,0,0,0,0,0,0,1
Mashrafe Mortaza,1,2,2,0,0,100,2,0,1,28,59,1,4.666666667,12.64285714,28,1
Mayank Dagar,1,0,1,0,0,0,0,0,8,138,205,2,23,8.913043478,69,8
Mohammad Ashraful,1,2,12,0,0,16.66666667,2,0,0,0,0,0,0,0,0,1
Mohit Rathee,1,1,2,0,0,50,1,0,1,12,29,0,2,14.5,0,1
Musheer Khan,1,0,3,0,0,0,0,0,1,12,27,1,2,13.5,12,1
ND Doshi,1,0,13,0,0,0,0,0,4,57,79,2,9.5,8.315789474,28.5,4
NJ Rimmington,1,1,1,0,0,100,1,0,1,18,20,0,3,6.666666667,0,1
OC McCoy,1,8,5,0,1,160,8,0.75,8,180,255,11,30,8.5,16.36363636,8
P Chopra,1,8,6,2,0,133.3333333,8,1,0,0,0,0,0,0,0,1
P Ray Barman,1,19,25,2,0,76,19,0.421052632,1,24,56,0,4,14,0,1
PM Sarvesh Kumar,1,1,2,0,0,50,1,0,2,31,42,1,5.166666667,8.129032258,31,2
PSP Handscomb,1,6,12,0,0,50,6,0,0,0,0,0,0,0,0,1
PVSN Raju,1,1,1,0,0,100,1,0,2,29,54,2,4.833333333,11.17241379,14.5,2
PWA Mulder,1,9,12,1,0,75,9,0.444444444,1,6,16,0,1,16,0,1
R Ninan,1,3,6,0,0,50,3,0,2,36,65,3,6,10.83333333,12,2
R Sanjay Yadav,1,0,2,0,0,0,0,0,1,14,23,0,2.333333333,9.857142857,0,1
RG More,1,2,2,0,0,100,2,0,2,37,63,1,6.166666667,10.21621622,37,2
RJ Gleeson,1,2,2,0,0,100,2,0,3,73,111,2,12.16666667,9.123287671,36.5,3
RJW Topley,1,3,6,0,0,50,3,0,6,125,222,5,20.83333333,10.656,25,6
RR Bhatkal,1,0,2,0,0,0,0,0,1,12,35,0,2,17.5,0,1
RS Gavaskar,1,2,8,0,0,25,2,0,1,6,8,0,1,8,0,1
RS Sodhi,1,4,2,1,0,200,4,1,0,0,0,0,0,0,0,1
S Kaushik,1,0,1,0,0,0,0,0,10,210,304,6,35,8.685714286,35,10
S Lamichhane,1,0,1,0,0,0,0,0,9,211,297,14,35.16666667,8.44549763,15.07142857,9
S Randiv,1,2,4,0,0,50,2,0,8,180,223,8,30,7.433333333,22.5,8
S Tyagi,1,3,4,0,0,75,3,0,14,220,304,6,36.66666667,8.290909091,36.66666667,14
SD Lad,1,15,13,1,1,115.3846154,15,0.666666667,0,0,0,0,0,0,0,1
SE Bond,1,1,2,0,0,50,1,0,8,191,225,9,31.83333333,7.068062827,21.22222222,8
SS Cottrell,1,0,2,0,0,0,0,0,6,131,177,6,21.83333333,8.106870229,21.83333333,6
SS Shaikh,1,6,7,1,0,85.71428571,6,0.666666667,0,0,0,0,0,0,0,1
SZ Mulani,1,1,1,0,0,100,1,0,2,33,57,0,5.5,10.36363636,0,2
Sediqullah Atal,1,22,16,0,2,137.5,22,0.545454545,0,0,0,0,0,0,0,1
Shivam Singh,1,2,3,0,0,66.66666667,2,0,0,0,0,0,0,0,0,1
Shoaib Akhtar,1,2,8,0,0,25,2,0,3,46,54,5,7.666666667,7.043478261,9.2,3
Sunny Gupta,1,0,1,0,0,0,0,0,1,19,47,0,3.166666667,14.84210526,0,1
T Shamsi,1,2,4,0,0,50,2,0,5,120,185,3,20,9.25,40,5
Tanush Kotian,1,24,32,3,0,75,24,0.5,0,0,0,0,0,0,0,1
U Kaul,1,0,1,0,0,0,0,0,0,0,0,0,0,0,0,1
UA Birla,1,7,15,1,0,46.66666667,7,0.571428571,0,0,0,0,0,0,0,1
V Pratap Singh,1,0,1,0,0,0,0,0,9,211,300,12,35.16666667,8.530805687,17.58333333,9
V Viyaskanth,1,7,5,0,0,140,7,0,3,60,90,1,10,9,60,3
VS Yeligati,1,2,2,0,0,100,2,0,2,32,61,0,5.333333333,11.4375,0,2
Vivrant Sharma,1,69,49,9,2,140.8163265,69,0.695652174,2,21,37,0,3.5,10.57142857,0,2
X Thalaivan Sargunam,1,10,17,0,0,58.82352941,10,0,0,0,0,0,0,0,0,1
XC Bartlett,1,11,15,1,0,73.33333333,11,0.363636364,4,60,96,2,10,9.6,30,4
Y Gnaneswara Rao,1,19,18,3,0,105.5555556,19,0.631578947,1,6,7,0,1,7,0,1
Y Prithvi Raj,1,0,1,0,0,0,0,0,2,33,57,1,5.5,10.36363636,33,2
YA Abdulla,1,0,1,0,0,0,0,0,11,222,311,15,37,8.405405405,14.8,11
Younis Khan,1,3,7,0,0,42.85714286,3,0,0,0,0,0,0,0,0,1
A Nel,0,0,0,0,0,0,0,0,1,18,31,1,3,10.33333333,18,1
AA Kazi,0,0,0,0,0,0,0,0,1,13,21,1,2.166666667,9.692307692,13,1
AM Salvi,0,0,0,0,0,0,0,0,7,156,205,7,26,7.884615385,22.28571429,7
Akash Singh,0,0,0,0,0,0,0,0,10,208,326,9,34.66666667,9.403846154,23.11111111,10
Anand Rajan,0,0,0,0,0,0,0,0,8,162,206,10,27,7.62962963,16.2,8
Ashwani Kumar,0,0,0,0,0,0,0,0,7,132,234,11,22,10.63636364,12,7
B Geeves,0,0,0,0,0,0,0,0,2,49,91,2,8.166666667,11.14285714,24.5,2
BW Hilfenhaus,0,0,0,0,0,0,0,0,17,390,497,23,65,7.646153846,16.95652174,17
C Ganapathy,0,0,0,0,0,0,0,0,1,6,13,0,1,13,0,1
CJ Dala,0,0,0,0,0,0,0,0,1,19,34,0,3.166666667,10.73684211,0,1
CJ Green,0,0,0,0,0,0,0,0,1,17,24,0,2.833333333,8.470588235,0,1
D Jansen,0,0,0,0,0,0,0,0,1,28,53,1,4.666666667,11.35714286,28,1
E Malinga,0,0,0,0,0,0,0,0,7,165,244,14,27.5,8.872727273,11.78571429,7
GS Sandhu,0,0,0,0,0,0,0,0,2,48,86,1,8,10.75,48,2
Gagandeep Singh,0,0,0,0,0,0,0,0,4,84,142,3,14,10.14285714,28,4
Gurnoor Brar,0,0,0,0,0,0,0,0,1,21,42,0,3.5,12,0,1
H Sharma,0,0,0,0,0,0,0,0,2,30,62,0,5,12.4,0,2
Harsh Dubey,0,0,0,0,0,0,0,0,3,61,98,5,10.16666667,9.639344262,12.2,3
IC Porel,0,0,0,0,0,0,0,0,1,26,42,1,4.333333333,9.692307692,26,1
J Little,0,0,0,0,0,0,0,0,11,236,341,13,39.33333333,8.669491525,18.15384615,11
JW Hastings,0,0,0,0,0,0,0,0,3,61,66,3,10.16666667,6.491803279,20.33333333,3
Jalaj S Saxena,0,0,0,0,0,0,0,0,1,18,27,0,3,9,0,1
K Khejroliya,0,0,0,0,0,0,0,0,8,148,250,6,24.66666667,10.13513514,24.66666667,8
K Santokie,0,0,0,0,0,0,0,0,2,51,91,3,8.5,10.70588235,17,2
Karim Janat,0,0,0,0,0,0,0,0,1,6,30,0,1,30,0,1
LI Meriwala,0,0,0,0,0,0,0,0,1,19,32,1,3.166666667,10.10526316,19,1
M Pathirana,0,0,0,0,0,0,0,0,32,787,1047,53,131.1666667,7.982210928,14.8490566,32
M Siddharth,0,0,0,0,0,0,0,0,5,101,140,3,16.83333333,8.316831683,33.66666667,5
MB Parmar,0,0,0,0,0,0,0,0,1,19,33,0,3.166666667,10.42105263,0,1
MG Neser,0,0,0,0,0,0,0,0,1,25,62,0,4.166666667,14.88,0,1
MJ Henry,0,0,0,0,0,0,0,0,6,105,183,3,17.5,10.45714286,35,6
MP Yadav,0,0,0,0,0,0,0,0,6,129,188,10,21.5,8.744186047,12.9,6
Monu Kumar,0,0,0,0,0,0,0,0,1,16,20,0,2.666666667,7.5,0,1
N Burger,0,0,0,0,0,0,0,0,5,105,152,7,17.5,8.685714286,15,5
N Thushara,0,0,0,0,0,0,0,0,8,198,289,9,33,8.757575758,22,8
NA Saini,0,0,0,0,0,0,0,0,1,15,35,0,2.5,14,0,1
NB Singh,0,0,0,0,0,0,0,0,2,25,18,1,4.166666667,4.32,25,2
O Thomas,0,0,0,0,0,0,0,0,4,63,85,5,10.5,8.095238095,12.6,4
P Amarnath,0,0,0,0,0,0,0,0,6,132,241,7,22,10.95454545,18.85714286,6
P Prasanth,0,0,0,0,0,0,0,0,1,6,18,0,1,18,0,1
P Suyal,0,0,0,0,0,0,0,0,5,107,154,2,17.83333333,8.635514019,53.5,5
PH Solanki,0,0,0,0,0,0,0,0,2,36,39,2,6,6.5,18,2
R Goyal,0,0,0,0,0,0,0,0,1,24,34,0,4,8.5,0,1
RA Shaikh,0,0,0,0,0,0,0,0,1,6,11,0,1,11,0,1
RR Bose,0,0,0,0,0,0,0,0,1,12,24,0,2,12,0,1
RS Hangargekar,0,0,0,0,0,0,0,0,2,43,60,3,7.166666667,8.372093023,14.33333333,2
RW Price,0,0,0,0,0,0,0,0,1,18,33,0,3,11,0,1
S Joseph,0,0,0,0,0,0,0,0,1,30,51,0,5,10.2,0,1
S Midhun,0,0,0,0,0,0,0,0,1,13,29,0,2.166666667,13.38461538,0,1
S Sandeep Warrier,0,0,0,0,0,0,0,0,10,176,257,8,29.33333333,8.761363636,22,10
SC Kuggeleijn,0,0,0,0,0,0,0,0,2,50,71,2,8.333333333,8.52,25,2
SM Boland,0,0,0,0,0,0,0,0,2,43,56,3,7.166666667,7.813953488,14.33333333,2
SS Agarwal,0,0,0,0,0,0,0,0,1,24,42,1,4,10.5,24,1
SS Mundhe,0,0,0,0,0,0,0,0,1,7,6,1,1.166666667,5.142857143,7,1
SS Sarkar,0,0,0,0,0,0,0,0,2,25,34,1,4.166666667,8.16,25,2
SSB Magala,0,0,0,0,0,0,0,0,2,37,52,1,6.166666667,8.432432432,37,2
Suyash Sharma,0,0,0,0,0,0,0,0,27,569,835,20,94.83333333,8.804920914,28.45,27
TP Sudhindra,0,0,0,0,0,0,0,0,3,74,137,1,12.33333333,11.10810811,74,3
Tejas Baroka,0,0,0,0,0,0,0,0,1,21,33,0,3.5,9.428571429,0,1
V Kaverappa,0,0,0,0,0,0,0,0,1,24,36,2,4,9,12,1
V Puthur,0,0,0,0,0,0,0,0,5,73,109,6,12.16666667,8.95890411,12.16666667,5
W O'Rourke,0,0,0,0,0,0,0,0,3,64,132,6,10.66666667,12.375,10.66666667,3
Yash Thakur,0,0,0,0,0,0,0,0,21,475,782,28,79.16666667,9.877894737,16.96428571,21
Zeeshan Ansari,0,0,0,0,0,0,0,0,10,209,334,8,34.83333333,9.588516746,26.125,10
